<?xml version="1.0" encoding="utf-8" ?>
<dwsync>
<file name="tamplate.php" server="C:/xampp/htdocs/Tutorial/" local="130823095945684060" remote="130823095940000000" Dst="0" />
<file name="Register_user.php" server="C:/xampp/htdocs/Tutorial/" local="130823095783705671" remote="130823095780000000" Dst="0" />
<file name="About_us.php" server="C:/xampp/htdocs/Tutorial/" local="130831097694952320" remote="130831097690000000" Dst="0" />
<file name="ForgotPassword.php" server="C:/xampp/htdocs/Tutorial/" local="130831201814134617" remote="130831201810000000" Dst="0" />
<file name="Contact_us.php" server="C:/xampp/htdocs/Tutorial/" local="130823095478350912" remote="130823095470000000" Dst="0" />
<file name="Logout.php" server="C:/xampp/htdocs/Tutorial/" local="130823095479132200" remote="130823095470000000" Dst="0" />
<file name="Account.php" server="C:/xampp/htdocs/Tutorial/" local="130831208641969842" remote="130831208640000000" Dst="0" />
<file name="access_denied.php" server="C:/xampp/htdocs/Tutorial/" local="130823095482569876" remote="130823095480000000" Dst="0" />
<file name="user_admin.php" server="C:/xampp/htdocs/Tutorial/" local="130829428148949302" remote="130829428140000000" Dst="0" />
<file name="update.php" server="C:/xampp/htdocs/Tutorial/" local="130831184816930255" remote="130831184810000000" Dst="0" />
<file name="InsertVehicleType.php" server="C:/xampp/htdocs/Tutorial/" local="130831306837469223" remote="130831306830000000" Dst="0" />
<file name="login.php" server="C:/xampp/htdocs/Tutorial/" local="130823095492012327" remote="130823095490000000" Dst="0" />
<file name="Admin.php" server="C:/xampp/htdocs/Tutorial/" local="130831078429769458" remote="130831078420000000" Dst="0" />
<file name="UpdateDriverDetails.php" server="C:/xampp/htdocs/Tutorial/" local="130831218008668880" remote="130831218000000000" Dst="0" />
<file name="InsertBillingDetails.php" server="C:/xampp/htdocs/Tutorial/" local="130831209696683497" remote="130831209690000000" Dst="0" />
<file name="Images" server="C:/xampp/htdocs/Tutorial/" local="130809693793440041" remote="130809693790000000" Dst="0" />
<file name="Admin_ManageUser.php" server="C:/xampp/htdocs/Tutorial/" local="130831209222156917" remote="130831209220000000" Dst="0" />
<file name="index.php" server="C:/xampp/htdocs/Tutorial/" local="130831205579146464" remote="130831205570000000" Dst="0" />
<file name="InsertDriverDetails.php" server="C:/xampp/htdocs/Tutorial/" local="130831215990122206" remote="130831215990000000" Dst="0" />
<file name="InsertVehicleDetails.php" server="C:/xampp/htdocs/Tutorial/" local="130831209109111500" remote="130831209100000000" Dst="0" />
<file name="UpdateBillingDetails.php" server="C:/xampp/htdocs/Tutorial/" local="130831217788972316" remote="130831217780000000" Dst="0" />
<file name="UpdateVehicleDetailsDesign.php" server="C:/xampp/htdocs/Tutorial/" local="130830255793761015" remote="130830255790000000" Dst="0" />
<file name="BookingPage.php" server="C:/xampp/htdocs/Tutorial/" local="130831207981018892" remote="130831207980000000" Dst="0" />
<file name="UpdateVehicleDetails.php" server="C:/xampp/htdocs/Tutorial/" local="130831218793652586" remote="130831218790000000" Dst="0" />
<file name="EMPW.php" server="C:/xampp/htdocs/Tutorial/" local="130831202873561419" remote="130831202870000000" Dst="0" />
<file name="UpdateBillingDetails - Copy.php" server="C:/xampp/htdocs/Tutorial/" local="130831217659966249" remote="130831217650000000" Dst="0" />
<file name="BookingPageAdmin.php" server="C:/xampp/htdocs/Tutorial/" local="130831305544222388" remote="130831305540000000" Dst="0" />
<file name="CarSelect.php" server="C:/xampp/htdocs/Tutorial/" local="130831269751679504" remote="130831269750000000" Dst="0" />
<file name="Order_Confirm.php" server="C:/xampp/htdocs/Tutorial/" local="130831277090123208" remote="130831277090000000" Dst="0" />
<file name="UpdateVehicleType.php" server="C:/xampp/htdocs/Tutorial/" local="130831315676556145" remote="130831315670000000" Dst="0" />
</dwsync>