<?xml version="1.0" encoding="utf-8" ?>
<dwsync>
<file name="Admin_login.php.mno" server="C:/xampp/htdocs/Tutorial/" local="130811037427080428" remote="130811037420000000" Dst="0" />
<file name="access_denied.php.mno" server="C:/xampp/htdocs/Tutorial/" local="130804135013408459" remote="130804135010000000" Dst="0" />
<file name="Account.php.mno" server="C:/xampp/htdocs/Tutorial/" local="130812328693451117" remote="130812328690000000" Dst="0" />
<file name="Register_user.php.mno" server="C:/xampp/htdocs/Tutorial/" local="130812587262798662" remote="130812587260000000" Dst="0" />
<file name="InsertVehicleType.php.mno" server="C:/xampp/htdocs/Tutorial/" local="130829419933368235" remote="130829419930000000" Dst="0" />
<file name="InsertDriverDetails.php.mno" server="C:/xampp/htdocs/Tutorial/" local="130829379504538994" remote="130829379500000000" Dst="0" />
<file name="InsertVehicleDetails.php.mno" server="C:/xampp/htdocs/Tutorial/" local="130831128838770091" remote="130831128830000000" Dst="0" />
<file name="UpdateVehicleDetails.php.mno" server="C:/xampp/htdocs/Tutorial/" local="130831124132430217" remote="130831124130000000" Dst="0" />
<file name="InsertBillingDetails.php.mno" server="C:/xampp/htdocs/Tutorial/" local="130830230133361554" remote="130830230130000000" Dst="0" />
<file name="UpdateBillingDetails.php.mno" server="C:/xampp/htdocs/Tutorial/" local="130831101778966989" remote="130831101770000000" Dst="0" />
<file name="Order_Confirm.php.mno" server="C:/xampp/htdocs/Tutorial/" local="130831275517904292" remote="130831275510000000" Dst="0" />
<file name="CarSelect.php.mno" server="C:/xampp/htdocs/Tutorial/" local="130831272318491956" remote="130831272310000000" Dst="0" />
<file name="UpdateVehicleType.php.mno" server="C:/xampp/htdocs/Tutorial/" local="130831315529794515" remote="130831315520000000" Dst="0" />
</dwsync>