<?xml version="1.0" encoding="utf-8" ?>
<dwsync>
<file name="SpryValidationTextField.css" server="C:/xampp/htdocs/Tutorial/" local="130831249714421539" remote="130831249710000000" Dst="0" />
<file name="SpryValidationTextField.js" server="C:/xampp/htdocs/Tutorial/" local="130810916855068412" remote="130810916850000000" Dst="0" />
<file name="SpryValidationPassword.css" server="C:/xampp/htdocs/Tutorial/" local="130810776414204127" remote="130810776410000000" Dst="0" />
<file name="SpryValidationConfirm.css" server="C:/xampp/htdocs/Tutorial/" local="130830940441118837" remote="130830940440000000" Dst="0" />
<file name="SpryValidationPassword.js" server="C:/xampp/htdocs/Tutorial/" local="130810776414274171" remote="130810776410000000" Dst="0" />
<file name="SpryValidationConfirm.js" server="C:/xampp/htdocs/Tutorial/" local="130810776414184109" remote="130810776410000000" Dst="0" />
<file name="SpryValidationSelect.css" server="C:/xampp/htdocs/Tutorial/" local="130831264151483295" remote="130831264150000000" Dst="0" />
<file name="SpryValidationSelect.js" server="C:/xampp/htdocs/Tutorial/" local="130812595229646174" remote="130812595220000000" Dst="0" />
<file name="SpryValidationRadio.css" server="C:/xampp/htdocs/Tutorial/" local="130831250285532551" remote="130831250280000000" Dst="0" />
<file name="SpryValidationRadio.js" server="C:/xampp/htdocs/Tutorial/" local="130829362466421926" remote="130829362460000000" Dst="0" />
</dwsync>